{"options":{"check_for_updates":false,"comment":null,"compatopts_for_requires":true,"compat_wrappedjsobject":false,"compat_metadata":false,"compat_foreach":false,"compat_arrayleft":false,"compat_uW_gmonkey":false,"compat_forvarin":false,"noframes":null,"awareOfChrome":false,"run_at":null,"override":{"use_includes":[],"orig_includes":["http://*","https://*"],"merge_includes":true,"use_matches":[],"orig_matches":[],"merge_matches":true,"use_excludes":[],"orig_excludes":[],"merge_excludes":true,"use_connects":[],"merge_connects":true,"use_blockers":[],"orig_run_at":"document-idle","orig_noframes":null,"orig_connects":[]}},"settings":{"enabled":true,"position":5},"meta":{"name":"点击时显示文字","uuid":"2492768a-744b-4eb6-874a-cd462a23fb51","modified":1606191968389,"file_url":"https://greasyfork.org/scripts/371892-%E7%82%B9%E5%87%BB%E6%97%B6%E6%98%BE%E7%A4%BA%E6%96%87%E5%AD%97/code/%E7%82%B9%E5%87%BB%E6%97%B6%E6%98%BE%E7%A4%BA%E6%96%87%E5%AD%97.user.js"}}