{"options":{"check_for_updates":true,"comment":null,"compatopts_for_requires":true,"compat_wrappedjsobject":false,"compat_metadata":false,"compat_foreach":false,"compat_arrayleft":false,"compat_uW_gmonkey":false,"compat_forvarin":false,"noframes":null,"awareOfChrome":false,"run_at":null,"override":{"use_includes":[],"orig_includes":["*://github.com/*","*://github*","*://hub.fastgit.org/*"],"merge_includes":true,"use_matches":[],"orig_matches":[],"merge_matches":true,"use_excludes":[],"orig_excludes":[],"merge_excludes":true,"use_connects":[],"merge_connects":true,"use_blockers":[],"orig_run_at":"document-end","orig_noframes":null}},"settings":{"enabled":true,"position":11},"meta":{"name":"FastGithub 镜像加速访问、克隆和下载","uuid":"d275c7bc-615a-41ab-87a6-5a8260746c55","modified":1603795754479,"file_url":"https://greasyfork.org/scripts/397419-github-%E9%95%9C%E5%83%8F%E5%8A%A0%E9%80%9F%E8%AE%BF%E9%97%AE-%E4%B8%8B%E8%BD%BD-%E4%BF%AE%E5%A4%8D-%E5%A2%9E%E5%8A%A0%E7%AB%99%E7%82%B9/code/GitHub%20%E9%95%9C%E5%83%8F%E5%8A%A0%E9%80%9F%E8%AE%BF%E9%97%AE%E3%80%81%E4%B8%8B%E8%BD%BD(%E4%BF%AE%E5%A4%8D%E3%80%81%E5%A2%9E%E5%8A%A0%E7%AB%99%E7%82%B9).user.js"}}