{"options":{"check_for_updates":true,"comment":null,"compatopts_for_requires":true,"compat_wrappedjsobject":false,"compat_metadata":false,"compat_foreach":false,"compat_arrayleft":false,"compat_uW_gmonkey":false,"compat_forvarin":false,"noframes":null,"awareOfChrome":false,"run_at":null,"override":{"use_includes":[],"orig_includes":[],"merge_includes":true,"use_matches":[],"orig_matches":["*://*.baidu.com/*","*://*/*"],"merge_matches":true,"use_excludes":[],"orig_excludes":[],"merge_excludes":true,"use_connects":["lens.zhihu.com"],"merge_connects":true,"use_blockers":[],"orig_run_at":"document-idle","orig_noframes":true}},"settings":{"enabled":true,"position":7},"meta":{"name":"【屏蔽广告】屏蔽谷歌广告、百度广告、知乎广告、隐藏谷歌和百度搜索结果的各种广告等等","uuid":"1866956a-dfb4-444f-b3fe-eaf3b1e384b0","modified":1606024712493,"file_url":"https://www.dadiyouhui02.cn/tampermonkey/baidugg.user.js"}}