{"options":{"check_for_updates":true,"comment":null,"compatopts_for_requires":true,"compat_wrappedjsobject":false,"compat_metadata":false,"compat_foreach":false,"compat_arrayleft":false,"compat_uW_gmonkey":false,"compat_forvarin":false,"noframes":null,"awareOfChrome":false,"run_at":null,"override":{"use_includes":[],"orig_includes":["*://*.csdn.net/*"],"merge_includes":true,"use_matches":[],"orig_matches":[],"merge_matches":true,"use_excludes":[],"orig_excludes":[],"merge_excludes":true,"use_connects":[],"merge_connects":true,"use_blockers":[],"orig_run_at":"document-idle","orig_noframes":null}},"settings":{"enabled":true,"position":12},"meta":{"name":"最强的老牌脚本CSDNGreener：CSDN广告完全过滤、人性化脚本优化","uuid":"b118b17c-faab-454f-9afd-a767c23a35dd","modified":1603795755221,"file_url":"https://openuserjs.org/install/AdlerED/%E6%9C%80%E5%BC%BA%E7%9A%84%E8%80%81%E7%89%8C%E8%84%9A%E6%9C%ACCSDNGreener%EF%BC%9ACSDN%E5%B9%BF%E5%91%8A%E5%AE%8C%E5%85%A8%E8%BF%87%E6%BB%A4%E3%80%81%E4%BA%BA%E6%80%A7%E5%8C%96%E8%84%9A%E6%9C%AC%E4%BC%98%E5%8C%96.user.js"}}