{"options":{"check_for_updates":true,"comment":null,"compatopts_for_requires":true,"compat_wrappedjsobject":false,"compat_metadata":false,"compat_foreach":false,"compat_arrayleft":false,"compat_uW_gmonkey":false,"compat_forvarin":false,"noframes":null,"awareOfChrome":false,"run_at":null,"override":{"use_includes":[],"orig_includes":["https://*.bilibili.com/*","https://pan.baidu.com/disk/*"],"merge_includes":true,"use_matches":[],"orig_matches":[],"merge_matches":true,"use_excludes":[],"orig_excludes":["https://message.bilibili.com/*"],"merge_excludes":true,"use_connects":[],"merge_connects":true,"use_blockers":[],"orig_run_at":"document-idle","orig_noframes":null}},"settings":{"enabled":true,"position":10},"meta":{"name":"百度网盘直链提取","uuid":"4af09f43-139c-490d-baee-3f7c703e7c98","modified":1597219842113,"file_url":"https://greasyfork.org/scripts/400184-%E7%99%BE%E5%BA%A6%E7%BD%91%E7%9B%98%E4%B8%8B%E8%BD%BD/code/%E7%99%BE%E5%BA%A6%E7%BD%91%E7%9B%98%E4%B8%8B%E8%BD%BD.user.js"}}