{"options":{"awareOfChrome":false,"check_for_updates":true,"comment":null,"compat_arrayleft":false,"compat_foreach":false,"compat_forvarin":false,"compat_metadata":false,"compat_uW_gmonkey":false,"compat_wrappedjsobject":false,"compatopts_for_requires":true,"noframes":null,"override":{"merge_connects":true,"merge_excludes":true,"merge_includes":true,"merge_matches":true,"orig_connects":["zhihu.com","vzuu.com"],"orig_excludes":[],"orig_includes":[],"orig_matches":["https://*.zhihu.com/*","https://v.vzuu.com/video/*","https://video.zhihu.com/video/*"],"orig_noframes":null,"orig_run_at":"document-end","use_blockers":[],"use_connects":[],"use_excludes":[],"use_includes":[],"use_matches":[]},"run_at":null},"settings":{"enabled":true,"position":1},"meta":{"name":"知乎网页助手","uuid":"f6934e1d-336b-4e52-bb62-45c12e1599d7","modified":1604220202620,"file_url":"https://greasyfork.org/scripts/384172-%E7%9F%A5%E4%B9%8E%E7%BD%91%E9%A1%B5%E5%8A%A9%E6%89%8B/code/%E7%9F%A5%E4%B9%8E%E7%BD%91%E9%A1%B5%E5%8A%A9%E6%89%8B.user.js"}}