{"options":{"awareOfChrome":false,"check_for_updates":true,"comment":null,"compat_arrayleft":false,"compat_foreach":false,"compat_forvarin":false,"compat_metadata":false,"compat_uW_gmonkey":false,"compat_wrappedjsobject":false,"compatopts_for_requires":true,"noframes":null,"override":{"merge_connects":true,"merge_excludes":true,"merge_includes":true,"merge_matches":true,"orig_connects":[],"orig_excludes":[],"orig_includes":["*://github.com/*","*://github*","*://hub.fastgit.org/*"],"orig_matches":[],"orig_noframes":null,"orig_run_at":"document-end","use_blockers":[],"use_connects":[],"use_excludes":[],"use_includes":[],"use_matches":[]},"run_at":null},"settings":{"enabled":true,"position":10},"meta":{"name":"FastGithub 镜像加速访问、克隆和下载","uuid":"d275c7bc-615a-41ab-87a6-5a8260746c55","modified":1603795754479,"file_url":"https://greasyfork.org/scripts/397419-github-%E9%95%9C%E5%83%8F%E5%8A%A0%E9%80%9F%E8%AE%BF%E9%97%AE-%E4%B8%8B%E8%BD%BD-%E4%BF%AE%E5%A4%8D-%E5%A2%9E%E5%8A%A0%E7%AB%99%E7%82%B9/code/GitHub%20%E9%95%9C%E5%83%8F%E5%8A%A0%E9%80%9F%E8%AE%BF%E9%97%AE%E3%80%81%E4%B8%8B%E8%BD%BD(%E4%BF%AE%E5%A4%8D%E3%80%81%E5%A2%9E%E5%8A%A0%E7%AB%99%E7%82%B9).user.js"}}