{"options":{"awareOfChrome":false,"check_for_updates":true,"comment":null,"compat_arrayleft":false,"compat_foreach":false,"compat_forvarin":false,"compat_metadata":false,"compat_uW_gmonkey":false,"compat_wrappedjsobject":false,"compatopts_for_requires":true,"noframes":null,"override":{"merge_connects":true,"merge_excludes":true,"merge_includes":true,"merge_matches":true,"orig_connects":["zhihu.com","weixin.qq.com","dadiyouhui02.cn","*"],"orig_excludes":[],"orig_includes":[],"orig_matches":["*://*.baidu.com/*","*://*/*"],"orig_noframes":true,"orig_run_at":"document-idle","use_blockers":[],"use_connects":["lens.zhihu.com"],"use_excludes":[],"use_includes":[],"use_matches":[]},"run_at":null},"settings":{"enabled":true,"position":6},"meta":{"name":"【屏蔽广告】屏蔽谷歌广告、百度广告、知乎广告、隐藏谷歌和百度搜索结果的各种广告等等","uuid":"1866956a-dfb4-444f-b3fe-eaf3b1e384b0","modified":1606024712493,"file_url":"https://www.dadiyouhui02.cn/tampermonkey/baidugg.user.js"}}