{"options":{"awareOfChrome":false,"check_for_updates":true,"comment":null,"compat_arrayleft":false,"compat_foreach":false,"compat_forvarin":false,"compat_metadata":false,"compat_uW_gmonkey":false,"compat_wrappedjsobject":false,"compatopts_for_requires":true,"noframes":null,"override":{"merge_connects":true,"merge_excludes":true,"merge_includes":true,"merge_matches":true,"orig_connects":[],"orig_excludes":["*://*.zhmdy.top/*","*://*.eggvod.cn/*"],"orig_includes":["*://v.youku.com/v_*","*://m.youku.com/v*","*://m.youku.com/a*","*://*.iqiyi.com/v_*","*://*.iqiyi.com/w_*","*://*.iqiyi.com/a_*","*://*.le.com/ptv/vplay/*","*v.qq.com/x/*","*v.qq.com/p*","*v.qq.com/cover*","*v.qq.com/tv/*","*://*.tudou.com/listplay/*","*://*.tudou.com/albumplay/*","*://*.tudou.com/programs/view/*","*://*.tudou.com/v*","*://*.mgtv.com/b/*","*://film.sohu.com/album/*","*://tv.sohu.com/*","*://*.acfun.cn/v/*","*://*.bilibili.com/video/*","*://*.bilibili.com/anime/*","*://*.bilibili.com/bangumi/play/*","*://*.pptv.com/show/*","*://*.baofeng.com/play/*","*://*.wasu.cn/Play/show*","*://v.yinyuetai.com/video/*","*://v.yinyuetai.com/playlist/*","*://item.taobao.com/*","*://*detail.tmall.com/*","*://*detail.tmall.hk/*","*://*.liangxinyao.com/*","*://music.163.com/song*","*://music.163.com/m/song*","*://y.qq.com/n/*","*://*.kugou.com/song*","*://*.kuwo.cn/yinyue*","*://*.kuwo.cn/play_detail*","*://*.xiami.com/*","*://music.taihe.com/song*","*://*.1ting.com/player*","*://music.migu.cn/v*","*://*.lizhi.fm/*","*://*.qingting.fm/*","*://*.ximalaya.com/*"],"orig_matches":[],"orig_noframes":null,"orig_run_at":"document-idle","use_blockers":[],"use_connects":[],"use_excludes":[],"use_includes":[],"use_matches":[]},"run_at":null},"settings":{"enabled":true,"position":1},"meta":{"name":"全网VIP视频破解去广告免费看+全网音乐下载","uuid":"1d0a3ea2-1335-400a-9955-0984d6bced6c","modified":1594468211027,"file_url":"https://greasyfork.org/scripts/376078-%E5%85%A8%E7%BD%91vip%E8%A7%86%E9%A2%91%E7%A0%B4%E8%A7%A3%E5%8E%BB%E5%B9%BF%E5%91%8A%E5%85%8D%E8%B4%B9%E7%9C%8B-%E5%85%A8%E7%BD%91%E9%9F%B3%E4%B9%90%E4%B8%8B%E8%BD%BD/code/%E5%85%A8%E7%BD%91VIP%E8%A7%86%E9%A2%91%E7%A0%B4%E8%A7%A3%E5%8E%BB%E5%B9%BF%E5%91%8A%E5%85%8D%E8%B4%B9%E7%9C%8B+%E5%85%A8%E7%BD%91%E9%9F%B3%E4%B9%90%E4%B8%8B%E8%BD%BD.user.js"}}