{"options":{"awareOfChrome":false,"check_for_updates":true,"comment":null,"compat_arrayleft":false,"compat_foreach":false,"compat_forvarin":false,"compat_metadata":false,"compat_uW_gmonkey":false,"compat_wrappedjsobject":false,"compatopts_for_requires":true,"noframes":null,"override":{"merge_connects":true,"merge_excludes":true,"merge_includes":true,"merge_matches":true,"orig_connects":["baidu.com","baidupcs.com","bilibili.com","111.229.37.218","127.0.0.1","localhost","self"],"orig_excludes":["https://message.bilibili.com/*"],"orig_includes":["https://*.bilibili.com/*","https://pan.baidu.com/disk/*"],"orig_matches":[],"orig_noframes":null,"orig_run_at":"document-idle","use_blockers":[],"use_connects":[],"use_excludes":[],"use_includes":[],"use_matches":[]},"run_at":null},"settings":{"enabled":true,"position":9},"meta":{"name":"百度网盘直链提取","uuid":"4af09f43-139c-490d-baee-3f7c703e7c98","modified":1597219842113,"file_url":"https://greasyfork.org/scripts/400184-%E7%99%BE%E5%BA%A6%E7%BD%91%E7%9B%98%E4%B8%8B%E8%BD%BD/code/%E7%99%BE%E5%BA%A6%E7%BD%91%E7%9B%98%E4%B8%8B%E8%BD%BD.user.js"}}