{"data":{"$config":"o{\"uid\":\"89guddur6ri2wz11xr8cgh9clc99wkh3\",\"share_list\":{\"9y53QlmpKZOCJeFeZBtwig\":{\"share_id\":\"9y53QlmpKZOCJeFeZBtwig\",\"share_pwd\":\"9gkz\",\"share_link\":\"https://pan.baidu.com/share/init?surl=9y53QlmpKZOCJeFeZBtwig\",\"share_source\":\"baidu\",\"share_time\":1595401884745},\"xAx_YYvNb4SnLUEwuQIEfw\":{\"share_id\":\"xAx_YYvNb4SnLUEwuQIEfw\",\"share_pwd\":\"dihe\",\"share_link\":\"https://pan.baidu.com/share/init?surl=xAx_YYvNb4SnLUEwuQIEfw\",\"share_source\":\"baidu\",\"share_time\":1595402642889}}}","$storage":"o{\"version_date\":\"20200722\",\"version_payload\":{\"version\":\"0.2.2\"},\"version_latest\":\"0.2.2\"}"},"ts":1606282865174}